{"min": [-0.570168, -0.838311, -0.377871], "max": [0.51987, 0.14032, 0.412795]}