{"min": [-0.496464, -0.873317, -0.428596], "max": [0.519699, 0.700715, 0.572249]}